{
  "project_info": {
    "project_number": "399751461898",
    "project_id": "gp-gpopalganj",
    "storage_bucket": "gp-gpopalganj.appspot.com"
  },
  "client": [
    {
      "client_info": {
        "mobilesdk_app_id": "1:399751461898:android:5dd758f4cf7895d59533f3",
        "android_client_info": {
          "package_name": "com.anshu.admincollage"
        }
      },
      "oauth_client": [
        {
          "client_id": "399751461898-th2tpbktckfagg3mon8p88p50sot0mul.apps.googleusercontent.com",
          "client_type": 3
        }
      ],
      "api_key": [
        {
          "current_key": "AIzaSyDQAyPe7XxVMP-3yjV0qFt5tunjtMWN4MU"
        }
      ],
      "services": {
        "appinvite_service": {
          "other_platform_oauth_client": [
            {
              "client_id": "399751461898-th2tpbktckfagg3mon8p88p50sot0mul.apps.googleusercontent.com",
              "client_type": 3
            }
          ]
        }
      }
    }
  ],
  "configuration_version": "1"
}